Name,Sequence
Primer_0_R,TATTTGATGATAT
Primer_1_F,AACAACCCAGCAT
Primer_1_R,TTAGAGCAAAGAA
Primer_2_F,AAAGTTATGAATC
Primer_2_R,AGGTCACTCTGGA
Primer_3_R,CAACAATGATAAA
Primer_4_F,GAATTTCTAATAG
Primer_4_R,TACTGCCATTTTC
Primer_5_F,TTTGCACTATCTA
Primer_5_R,TCCGTATGTCTTC
Primer_6_F,GAATATGCTCAAT
Primer_6_R,AGAGTCTATTGCA
Primer_7_F,CCTATTCTTGAGG
Primer_7_R,ATCCAAATGACAT
Primer_8_F,TGAAAGTAATTCA
Primer_8_R,ATCAAGCCTTCCA
Primer_9_F,TTCATTCATTATC
Primer_9_R,TATCATAACTGAT
Primer_10_F,GGTGGGACCAGAT
Primer_10_R,ATTATACAACCTC
Primer_11_F,GCTCATGAGATAC
Primer_11_R,CTTATTGATGAGT
Primer_12_F,CAAGAAAATACAA
Primer_12_R,AAGATTTTTGGAT
Primer_13_F,GAATGTACCGGAT
Primer_13_R,ATTCCCCAGAATT
Primer_14_F,GGAACCATGGACA
Primer_14_R,GATCTATTATCCA
Primer_15_F,AGAACAAGTTAAA
Primer_15_R,TGTCATCTGAACC
Primer_16_F,GCTACTCTACAGA
Primer_16_R,TATTTCAATGAAT
Primer_17_F,CAAGATTTTGAAA
Primer_17_R,GACAAGACCTATA
Primer_18_F,GACACCATCATAA
Primer_18_R,CATCAGCCACTTC
Primer_19_F,TGCACTTGATGTG
Primer_19_R,ACGAAAGAAAGAA
Primer_20_F,TGTTTCATGGAGC
Primer_20_R,TGAATTTCCTCAT
Primer_21_F,AATATAGTGTCTA
Primer_21_R,AGGTTTTTTTGGA
Primer_22_F,CAACAGGCCTATA
Primer_22_R,TGAACGGAATTTC
Primer_23_F,CAATCATCTTATA
Primer_23_R,CTGATTTGAAACA
Primer_24_F,ATTTGATCACTGA
Primer_24_R,TTTGCTAGTCATG
Primer_25_F,TTCATGCATAATA
Primer_26_F,GTCAGACCTACAA
Primer_26_R,TTTCTATAGCTTT
Primer_27_R,CACAGATCTCTTT
Primer_28_F,GCACGAGCATTGA
Primer_28_R,ACAAGGGATCAAT
Primer_29_F,ATCCTGTCTATGA
Primer_29_R,GGAACTGAGGAAA
Primer_30_F,TCATTCAAAGCAT
Primer_30_R,TGACGTGCTGATT
Primer_31_F,ACATAAGCAATGA
Primer_31_R,TAGCTAGTTCAAG
Primer_32_F,TAGCAAAATCTAT
Primer_32_R,CCAACTTATATAA
Primer_33_F,AAGTTGCAGAACT
Primer_33_R,TCTCAGTTGATCC
Primer_34_F,CTCTAAATCACCT
Primer_34_R,ACCGGATCACCTA
Primer_35_F,TTTCCTGCTGTAG
Primer_35_R,GCATCATTATAAA
Primer_36_F,AGGATGAACTTAA
Primer_36_R,TGTTTGCAGCTTA
Primer_37_F,GCTGAACACTACT
Primer_37_R,ATTGATTGCCCCA
Primer_38_R,GCAATGGCATTGT
Primer_39_F,TTCCTTGACAGCA
Primer_39_R,CACTTCTCAGTCG
Primer_40_F,TCCTTGAGCACTC
Primer_40_R,CACCTCTGTCTAG
Primer_41_F,CGAGAGGAAATAC
Primer_41_R,AAACCCTGACAAT
Primer_42_F,AAGATGGCTTCAA
Primer_43_F,GACAAAAATGTAG
Primer_43_R,TCCAGATTAATTA
Primer_44_F,CAAATCCAAACAC
Primer_44_R,GACAAGGTCATGA
Primer_45_F,ACCTCTCTGATTT
Primer_45_R,CACAGTTTACAAA
Primer_46_F,TTTTTACAATTCA
Primer_47_F,TGCAAAAGACATC
Primer_47_R,TTCAGTCCTGTAG
Primer_48_F,ATCCTTGGCTCAA
Primer_48_R,AAAGAAGATATAC
Primer_49_R,AGATTAGAACTTT
Primer_50_F,ACAGCAGCAAGGG
Primer_50_R,CAATGCCTTCAGA
Primer_51_F,CAGGAGTTGCTAT
Primer_52_F,TCAATAATATAGA
Primer_52_R,ATTGTGTGGATTT
Primer_53_F,AAGGAAACTGATA
Primer_53_R,ATCATGCTACATA
Primer_54_F,ATTACATATTTAA
Primer_54_R,CATAACTTTATCA
Primer_55_F,CTAATATTTTATA
Primer_55_R,AATCTAACTTTCT
Primer_56_F,ATGGGGCAGCTGT
Primer_56_R,CATCTTTCCCTTG
Primer_57_F,ATAATCATGTAGT
Primer_57_R,TTTTGTAAATAGT
Primer_58_F,TACACTATCATAA
Primer_58_R,TTGCTCTGGTATC
Primer_59_F,GTCAAATATCTAG
Primer_59_R,GTTTAATCTAAGT
Primer_60_F,GTATGAAGATAAT
Primer_60_R,CTTGAAGGCTCTT
Primer_61_F,TCAGATATCAAGC
Primer_61_R,CCAGATTGCTCAC
Primer_62_F,GAGGGATCGAGAA
Primer_63_F,ATAAAAGGTTTTT
Primer_63_R,TCAAAGATCATTG
Primer_64_F,GCTAACAGAGATG
Primer_65_F,GTGTACTTCGTGA
Primer_65_R,ATCAAAATCAGTA
Primer_66_F,GTCGCGGGAATAC
Primer_66_R,ATTTTGTCGGCAA
Primer_67_F,CAACTCGAGACAG
Primer_67_R,AGAAAATGAAAGA
Primer_68_F,AGCAAGTCTTGGG
Primer_68_R,ATCTGCTGTTGGA
Primer_69_F,AATCTCATAATTT
Primer_69_R,CCGAGATCATCAA
Primer_70_F,ATATAACGTATTT
Primer_70_R,ACATAAAACCAGG
Primer_71_F,ATTTAATGGATTG
Primer_71_R,ATGAACTATATGA
Primer_72_F,ATAGGAATATAAA
Primer_72_R,TTAAAAGAAGCTT
Primer_73_F,CACATATCAAAGG
Primer_73_R,TGATTTATAGTGA
Primer_74_F,TTATTTCTAAATC
Primer_74_R,CCTACTAGATTGC
Primer_75_F,GAGTATATTTTGA
Primer_75_R,TTCATTTATGTGA
Primer_76_F,GATAAAGTTGATA
Primer_76_R,TTCAATGGGTTTC
Primer_77_F,ATCGAAGGCCAAT
Primer_77_R,CGAATAGTTTAGG
Primer_78_F,GGATATCAAACTA
Primer_78_R,GTTGACTATTTAT
Primer_79_F,TCTGCTCTCCCAG
Primer_79_R,GACCAGATAAGAT
Primer_80_F,TAAGCCCGGATAA
Primer_80_R,GGCATGACTTTAT
Primer_81_F,CATAATACAACAC
Primer_81_R,TATTTTCGAATCT
Primer_82_F,TTAAGAAAAAATT
Primer_83_F,AGTAGTAATTGAA
Primer_84_F,TCGTTGACAAATG
Primer_85_F,CTGATAAATCAGA
Primer_86_F,AGAGCTCTAATCT
Primer_87_F,TTCTATGTACACC
Primer_88_F,ACAGAGATAGGGC
Primer_89_F,TTGGAATTGCAAC
Primer_90_F,TCCTCAATCCATC
Primer_91_F,CACTACACTCTAA
Primer_92_F,AGGGCCAATCAAC
Primer_93_F,ACTGCTCGGGACA
Primer_94_F,TCCTTGATGGATA
Primer_95_F,AACGTATTTCTAA
